Nosion;No
Animals;1
Travel and tourism;2
Adjective;3
Opposites;4
Personality and emotions;5
Adverb;6
Alliteration;7
Amphibian;8
April Fool;9
Culture;10
Science;11
Fall;12
Yard;13
Leisure;14
Houses and buildings;15
Nature;16
Party;17
Body and appearance;18
Work;19
Technology;20
Religion and politics;21
Clothes and fashion;22
Visual - Sound;23
Compoundwords;24
Conjunctions;25
Container;26
Food and drink;27
Dolch;28
Duos;29
Family and life stages;30
Fire;31
Language;32
Interjections;33
Irregularverbs;34
Crime and law;35
Longe;36
Longu;37
Many;38
Material;39
Military;40
Business;41
Mythicalbeasts;42
Pirate;43
Postal;44
Prepositions;45
Presidentsday;46
Pronouns;47
Regularverbs;48
Rocks;49
Said;50
Education;51
Sewing;52
Retail;53
Stpatrick;54
Time;55
Tools;56
Flagday;57
Verbs;58
Virtues;59
War and conflict;60
Application;61
Zodiac;62
Post;63
Adverbs;65
Frequency;66
Health;67
Security;68
Miscellaneous;69
Adjectives;70
Invertebrates;71
Interior D Xe Cor;72
Immoral;73
International Relations;74
Social issues;75
Using The Internet;76
The media;77
Enormity;78
Air;79
Airforce;80
Army;81
Broadcasting;83
Cards;84
Children;85
Chronology;86
Citizenship;87
Civil;88
Cleaning;89
Colours;90
Colours & Sounds;91
Communications;92
Compounds;93
Crafts;94
Daily Life;95
Darts;96
Defence;97
Electricity;98
Folklore;99
Gambling;100
Groupings;101
History;102
Human;103
Labour Relations, Unions;104
Letters & Punctuation;105
Linguistics;106
Literature;107
Magic;108
Mail;109
Meteorology;110
Mythology;111
Navy;112
Newspapers, Printing, Publishing;113
Numbers;114
Nutrition;115
Occult;116
Occupations;117
Odours;118
Officials;119
Organizations;120
Performing;121
Sculpture;122
Sewing & Knitting;123
Society;124
Temperature;125
Tobacco;126
Wages;127
Welfare;128
Women;129
Undefined;130
